transition_noise_label,transition_covariance_multiplier,covariance_ratio_label,covariance_ratio_value,setting,mean_episode_length_used,mean_trace_PT
base W,1.0,1:4,0.25,noiseless,19.4,0.012173551808258102
base W,1.0,1:4,0.25,noisy + KF,19.53,0.012173551881206342
base W,1.0,1:4,0.25,estimated-return PGD,20.86,0.012173551673528224
base W,1.0,1:4,0.25,real-return PGD,21.0,0.012173551596786401
base W,1.0,1:4,0.25,random contour,19.84,0.012173552055159832
base W,1.0,1:1,1.0,noiseless,19.4,0.036802424826981456
base W,1.0,1:1,1.0,noisy + KF,19.34,0.0368024233691132
base W,1.0,1:1,1.0,estimated-return PGD,20.96,0.03680241154480917
base W,1.0,1:1,1.0,real-return PGD,21.64,0.03680241048708407
base W,1.0,1:1,1.0,random contour,20.14,0.03680243534262269
base W,1.0,4:1,4.0,noiseless,19.4,0.09952854057393228
base W,1.0,4:1,4.0,noisy + KF,20.14,0.09952862989952616
base W,1.0,4:1,4.0,estimated-return PGD,21.9,0.09952803617233805
base W,1.0,4:1,4.0,real-return PGD,22.88,0.09952801825794855
base W,1.0,4:1,4.0,random contour,20.56,0.09952838272467765
2x W,2.0,1:4,0.25,noiseless,22.03,0.024347103231313186
2x W,2.0,1:4,0.25,noisy + KF,22.34,0.024347103144548715
2x W,2.0,1:4,0.25,estimated-return PGD,23.85,0.024347104008861652
2x W,2.0,1:4,0.25,real-return PGD,24.41,0.024347103964991935
2x W,2.0,1:4,0.25,random contour,22.24,0.024347103172537254
2x W,2.0,1:1,1.0,noiseless,22.03,0.07360482080772558
2x W,2.0,1:1,1.0,noisy + KF,21.87,0.07360482104830278
2x W,2.0,1:1,1.0,estimated-return PGD,24.24,0.07360486395456033
2x W,2.0,1:1,1.0,real-return PGD,24.39,0.07360485930857513
2x W,2.0,1:1,1.0,random contour,22.52,0.07360481619389558
2x W,2.0,4:1,4.0,noiseless,22.03,0.19905605231863804
2x W,2.0,4:1,4.0,noisy + KF,22.21,0.1990560489721741
2x W,2.0,4:1,4.0,estimated-return PGD,24.96,0.1990565107938952
2x W,2.0,4:1,4.0,real-return PGD,25.13,0.19905647949737137
2x W,2.0,4:1,4.0,random contour,22.97,0.1990560348426598
4x W,4.0,1:4,0.25,noiseless,22.32,0.04869420630029284
4x W,4.0,1:4,0.25,noisy + KF,22.45,0.04869420622752264
4x W,4.0,1:4,0.25,estimated-return PGD,25.86,0.04869420685334142
4x W,4.0,1:4,0.25,real-return PGD,25.93,0.04869420681935181
4x W,4.0,1:4,0.25,random contour,23.79,0.048694207869623925
4x W,4.0,1:1,1.0,noiseless,22.32,0.147209636154183
4x W,4.0,1:1,1.0,noisy + KF,22.62,0.14720963050459523
4x W,4.0,1:1,1.0,estimated-return PGD,26.33,0.14720965613909046
4x W,4.0,1:1,1.0,real-return PGD,26.48,0.147209652958452
4x W,4.0,1:1,1.0,random contour,23.55,0.14720968903375312
4x W,4.0,4:1,4.0,noiseless,22.32,0.3981120938542147
4x W,4.0,4:1,4.0,noisy + KF,25.4,0.39811293060943737
4x W,4.0,4:1,4.0,estimated-return PGD,29.05,0.3981110338545096
4x W,4.0,4:1,4.0,real-return PGD,29.79,0.39811113172336343
4x W,4.0,4:1,4.0,random contour,28.29,0.3981128802305495
