method,episode_seed,episode_return,success,final_goal_distance,mean_state_estimation_error,steps
Clean,20260728,48.63675455252329,1.0,0.5725451111793518,0.0,9
Noisy + KF,20260728,48.572106301784515,1.0,0.5471107959747314,0.11716768250115979,10
"PGD estimated, no defense",20260728,48.56665389239788,1.0,0.5669165849685669,0.118669458018603,10
"PGD estimated + CovAdap, lambda=0.5",20260728,48.55887797474861,1.0,0.6337463855743408,0.13782138172370628,10
"PGD estimated + CovAdap, lambda=1.0",20260728,48.55717298388481,1.0,0.6416171193122864,0.13992881156989215,10
"PGD estimated + CovAdap, lambda=2.0",20260728,48.55610533058643,1.0,0.6462624073028564,0.1411538696634019,10
"Random contour, no defense",20260728,47.99688861767451,1.0,0.4366287589073181,0.24146775462822687,15
"Random contour + CovAdap, lambda=0.5",20260728,48.48100730280082,1.0,0.4108576774597168,0.14945670003006437,11
"Random contour + CovAdap, lambda=1.0",20260728,48.5058488920331,1.0,0.3623882234096527,0.14440485414883888,11
"Random contour + CovAdap, lambda=2.0",20260728,48.52072180559237,1.0,0.33459213376045227,0.14192677397504017,11
PGD estimated + WoLF-IMQ,20260728,48.56880482534568,1.0,0.5729753971099854,0.12279666873699113,10
Random contour + WoLF-IMQ,20260728,48.462504732112095,1.0,0.43981024622917175,0.15397631607443862,11
PGD estimated + WoLF-TMD,20260728,48.56665389239788,1.0,0.5669165849685669,0.118669458018603,10
Random contour + WoLF-TMD,20260728,48.56012904147307,1.0,0.628093421459198,0.14025550336270304,10
