method,filter_or_defense,hyperparameters,attack_type,lambda,mean_return,std_return,mean_state_estimation_error,mean_final_goal_distance,success_rate,mean_gamma_t,gamma_ge_threshold_rate,mean_effective_inflation,mean_wolf_weight,wolf_strong_discount_rate,zero_pgd_direction_rate,num_runs
Clean,clean,{},clean,0.0,24.761456153396516,49.90389619232062,0.0,5.81282436414063,0.82,0.0,0.0,0.0,,,0.0,250
Noisy + KF,kf,{},none,0.0,24.147486745038382,50.48567654095383,0.11939407838441668,6.002553693786264,0.816,0.0,0.0,0.0,,,0.0,250
"PGD estimated, no defense",kf,{},pgd_estimated,0.0,20.055252885242304,53.2028571729408,0.17685148945960572,6.912642270803452,0.78,0.0,0.0,0.0,,,0.0,250
"PGD estimated + CovAdap, lambda=0.5",covariance_adaptation_observation_imq,{},pgd_estimated,0.5,22.739728592187166,51.45077159246077,0.15413366092703523,6.272595022082329,0.804,0.042559763517854676,0.06727543794260156,0.021279881758927338,,,0.0,250
"PGD estimated + CovAdap, lambda=1.0",covariance_adaptation_observation_imq,{},pgd_estimated,1.0,23.794671013366433,50.60681504432463,0.15410973198732061,6.035756087169051,0.812,0.04282146571503715,0.06769347784749953,0.04282146571503715,,,0.0,250
"PGD estimated + CovAdap, lambda=2.0",covariance_adaptation_observation_imq,{},pgd_estimated,2.0,23.80483161333079,50.6000756679816,0.1535656394064551,6.03310673083365,0.812,0.0428897117017993,0.06832889227255425,0.0857794234035986,,,0.0,250
"Random contour, no defense",kf,{},random_contour,0.0,23.526514020965745,50.665174550906094,0.19128143089851923,6.050929939672351,0.808,0.0,0.0,0.0,,,0.0,250
"Random contour + CovAdap, lambda=0.5",covariance_adaptation_observation_imq,{},random_contour,0.5,23.812207341933004,50.57683950789405,0.16881829214214708,6.031048810437322,0.812,0.01667802412540553,0.01638719512195122,0.008339012062702765,,,0.0,250
"Random contour + CovAdap, lambda=1.0",covariance_adaptation_observation_imq,{},random_contour,1.0,23.815760484309244,50.57664058260263,0.16434966309746954,6.035279498919845,0.812,0.01684483586479373,0.016402822811367537,0.01684483586479373,,,0.0,250
"Random contour + CovAdap, lambda=2.0",covariance_adaptation_observation_imq,{},random_contour,2.0,23.814023203538113,50.575017554108626,0.1618271302393426,6.036976886197925,0.812,0.017002612147716808,0.016755521706016754,0.034005224295433616,,,0.0,250
PGD estimated + WoLF-IMQ,wolf_imq,"{""imq_soft_threshold"": 0.35, ""kind"": ""imq"", ""min_weight"": 1e-06, ""tmd_threshold"": 3.0}",pgd_estimated,0.0,22.130829957375923,51.77851444831751,0.1540399299653782,6.471883635163307,0.796,0.0,0.0,0.0,0.5147602681043103,0.06471127406049496,0.0,250
Random contour + WoLF-IMQ,wolf_imq,"{""imq_soft_threshold"": 0.35, ""kind"": ""imq"", ""min_weight"": 1e-06, ""tmd_threshold"": 3.0}",random_contour,0.0,23.81776647946859,50.572162994144094,0.16208921122069742,6.0308801725357775,0.812,0.0,0.0,0.0,0.44558047568900344,0.08562166285278414,0.0,250
PGD estimated + WoLF-TMD,wolf_tmd,"{""imq_soft_threshold"": 1.0, ""kind"": ""tmd"", ""min_weight"": 1e-06, ""tmd_threshold"": 1.5}",pgd_estimated,0.0,23.823793279123805,50.58927313869676,0.14550157781880904,6.029910945504904,0.812,0.0,0.0,0.0,0.001,0.07726058756199923,0.0,250
Random contour + WoLF-TMD,wolf_tmd,"{""imq_soft_threshold"": 1.0, ""kind"": ""tmd"", ""min_weight"": 1e-06, ""tmd_threshold"": 1.5}",random_contour,0.0,23.822926687314485,50.59211555822054,0.15047020523270815,6.032364168472588,0.812,0.0,0.0,0.0,0.001,0.10076335877862595,0.0,250
