config_label,attacked_mean_return,attacked_mean_state_error,attacked_std_return,noisy_mean_return,noisy_mean_state_error
wolf_imq_tau_0p35,47.865136521557964,0.09681474754556939,0.0,47.865136521557964,0.09681474754556939
wolf_imq_tau_0p5,47.865136521557964,0.09681474754556939,0.0,47.865136521557964,0.09681474754556939
wolf_imq_tau_0p65,47.865136521557964,0.09681474754556939,0.0,47.865136521557964,0.09681474754556939
wolf_imq_tau_0p8,47.865136521557964,0.09681474754556939,0.0,47.865136521557964,0.09681474754556939
wolf_imq_tau_1p0,47.865136521557964,0.09681474754556939,0.0,47.865136521557964,0.09681474754556939
wolf_tmd_tau_1p5,47.865136521557964,0.09681474754556939,0.0,47.865136521557964,0.09681474754556939
wolf_tmd_tau_2p0,47.865136521557964,0.09681474754556939,0.0,47.865136521557964,0.09681474754556939
wolf_tmd_tau_2p5,47.865136521557964,0.09681474754556939,0.0,47.865136521557964,0.09681474754556939
wolf_tmd_tau_3p0,47.865136521557964,0.09681474754556939,0.0,47.865136521557964,0.09681474754556939
wolf_tmd_tau_3p5,47.865136521557964,0.09681474754556939,0.0,47.865136521557964,0.09681474754556939
