config_label,kind,scenario,imq_soft_threshold,tmd_threshold,mean_return,std_return,mean_state_estimation_error,mean_final_goal_distance,success_rate,mean_wolf_weight,wolf_strong_discount_rate,num_runs
wolf_imq_tau_0p35,imq,no_attack,0.35,3.0,48.481837457977235,0.4344454173988266,0.13486983180542997,0.42927348737915355,1.0,1.0,0.0,6
wolf_imq_tau_0p35,imq,pgd_estimated,0.35,3.0,48.43414244718022,0.42156341190222496,0.1890836874035168,0.5015575985113779,1.0,0.8823103774273272,0.1509433962264151,6
wolf_imq_tau_0p35,imq,random_contour,0.35,3.0,48.4592939377245,0.43248067858266326,0.2292542873935259,0.45748449116945267,1.0,0.874538105702366,0.16981132075471697,6
wolf_imq_tau_0p5,imq,no_attack,0.5,3.0,48.481837457977235,0.4344454173988266,0.13486983180542997,0.42927348737915355,1.0,1.0,0.0,6
wolf_imq_tau_0p5,imq,pgd_estimated,0.5,3.0,48.27282745101385,0.4796004830740971,0.18837420534247196,0.49459420144557953,1.0,0.9035298059797733,0.12307692307692308,6
wolf_imq_tau_0p5,imq,random_contour,0.5,3.0,48.42506182317933,0.43786438243731207,0.2623588002068461,0.41962126394112903,1.0,0.8874759838052678,0.17857142857142858,6
wolf_imq_tau_0p65,imq,no_attack,0.65,3.0,48.481837457977235,0.4344454173988266,0.13486983180542997,0.42927348737915355,1.0,1.0,0.0,6
wolf_imq_tau_0p65,imq,pgd_estimated,0.65,3.0,48.42919442844059,0.5366567598085195,0.18754117322318178,0.5129706909259161,1.0,0.9169125989420003,0.11320754716981132,6
wolf_imq_tau_0p65,imq,random_contour,0.65,3.0,48.414266373444754,0.4429644300214764,0.29395205889146475,0.4516481968263785,1.0,0.9039181192562051,0.14285714285714285,6
wolf_imq_tau_0p8,imq,no_attack,0.8,3.0,48.481837457977235,0.4344454173988266,0.13486983180542997,0.42927348737915355,1.0,1.0,0.0,6
wolf_imq_tau_0p8,imq,pgd_estimated,0.8,3.0,48.39568416650096,0.5684235582687394,0.19983205025766357,0.49231549600760144,1.0,0.9318755402138817,0.0,6
wolf_imq_tau_0p8,imq,random_contour,0.8,3.0,48.41635464959674,0.448277933690986,0.32047667870026697,0.47111988067626953,1.0,0.9166992498833973,0.01818181818181818,6
wolf_imq_tau_1p0,imq,no_attack,1.0,3.0,48.481837457977235,0.4344454173988266,0.13486983180542997,0.42927348737915355,1.0,1.0,0.0,6
wolf_imq_tau_1p0,imq,pgd_estimated,1.0,3.0,33.46885130968359,36.89987181959746,0.2124170387484734,3.1630613108476004,0.8333333333333334,0.9538345053805961,0.0,6
wolf_imq_tau_1p0,imq,random_contour,1.0,3.0,48.40215610464414,0.4583102795825496,0.34656509428885524,0.46258997917175293,1.0,0.9338979167899399,0.0,6
wolf_tmd_tau_1p5,tmd,no_attack,1.0,1.5,48.481837457977235,0.4344454173988266,0.13486983180542997,0.42927348737915355,1.0,1.0,0.0,6
wolf_tmd_tau_1p5,tmd,pgd_estimated,1.0,1.5,48.45338238817123,0.4383665499014778,0.20116679721810124,0.44862958292166394,1.0,0.8680566037735848,0.1320754716981132,6
wolf_tmd_tau_1p5,tmd,random_contour,1.0,1.5,48.46598257641826,0.43518420354659637,0.19131886058189704,0.4270435844858487,1.0,0.8303584905660377,0.16981132075471697,6
wolf_tmd_tau_2p0,tmd,no_attack,1.0,2.0,48.481837457977235,0.4344454173988266,0.13486983180542997,0.42927348737915355,1.0,1.0,0.0,6
wolf_tmd_tau_2p0,tmd,pgd_estimated,1.0,2.0,48.44079138628311,0.4425515080654209,0.20062630225991074,0.4745746999979019,1.0,0.8869056603773585,0.11320754716981132,6
wolf_tmd_tau_2p0,tmd,random_contour,1.0,2.0,48.46598257641826,0.43518420354659637,0.19131886058189704,0.4270435844858487,1.0,0.8303584905660377,0.16981132075471697,6
wolf_tmd_tau_2p5,tmd,no_attack,1.0,2.5,48.481837457977235,0.4344454173988266,0.13486983180542997,0.42927348737915355,1.0,1.0,0.0,6
wolf_tmd_tau_2p5,tmd,pgd_estimated,1.0,2.5,48.43846750756105,0.4155406486494141,0.2029694427416685,0.44975027441978455,1.0,0.9057547169811321,0.09433962264150944,6
wolf_tmd_tau_2p5,tmd,random_contour,1.0,2.5,48.46598257641826,0.43518420354659637,0.19131886058189704,0.4270435844858487,1.0,0.8303584905660377,0.16981132075471697,6
wolf_tmd_tau_3p0,tmd,no_attack,1.0,3.0,48.481837457977235,0.4344454173988266,0.13486983180542997,0.42927348737915355,1.0,1.0,0.0,6
wolf_tmd_tau_3p0,tmd,pgd_estimated,1.0,3.0,48.3321221611566,0.5283071561427521,0.20464787284939132,0.45022420088450116,1.0,0.9322711864406781,0.06779661016949153,6
wolf_tmd_tau_3p0,tmd,random_contour,1.0,3.0,48.46598257641826,0.43518420354659637,0.19131886058189704,0.4270435844858487,1.0,0.8303584905660377,0.16981132075471697,6
wolf_tmd_tau_3p5,tmd,no_attack,1.0,3.5,48.481837457977235,0.4344454173988266,0.13486983180542997,0.42927348737915355,1.0,1.0,0.0,6
wolf_tmd_tau_3p5,tmd,pgd_estimated,1.0,3.5,33.358813947273624,37.104810831295005,0.25299052752952367,3.177899738152822,0.8333333333333334,1.0,0.0,6
wolf_tmd_tau_3p5,tmd,random_contour,1.0,3.5,48.29384706500503,0.4511953572636046,0.38076567352846064,0.542848934729894,1.0,1.0,0.0,6
