obs_noise_std,proc_noise_std,episodes,deterministic,seed,method,kf_assumed_obs_noise_std,success_rate
0.0,0.075,300,True,0,RAW,,1.0
0.0,0.075,300,True,0,KF_matched,0.0,1.0
0.0,0.075,300,True,0,KF_mismatch,0.01,1.0
0.0,0.075,300,True,0,KF_mismatch,1.0,0.99
0.0,0.075,300,True,0,KF_mismatch,10.0,0.9933333333333333
0.1,0.075,300,True,0,RAW,,1.0
0.1,0.075,300,True,0,KF_matched,0.1,1.0
0.1,0.075,300,True,0,KF_mismatch,0.01,1.0
0.1,0.075,300,True,0,KF_mismatch,1.0,0.9966666666666667
0.1,0.075,300,True,0,KF_mismatch,10.0,1.0
1.0,0.075,300,True,0,RAW,,0.4866666666666667
1.0,0.075,300,True,0,KF_matched,1.0,0.9966666666666667
1.0,0.075,300,True,0,KF_mismatch,0.01,1.0
1.0,0.075,300,True,0,KF_mismatch,1.0,0.9966666666666667
1.0,0.075,300,True,0,KF_mismatch,10.0,1.0
10.0,0.075,300,True,0,RAW,,0.17666666666666667
10.0,0.075,300,True,0,KF_matched,10.0,0.8033333333333333
10.0,0.075,300,True,0,KF_mismatch,0.01,0.5733333333333334
10.0,0.075,300,True,0,KF_mismatch,1.0,0.8866666666666667
10.0,0.075,300,True,0,KF_mismatch,10.0,0.8033333333333333
100.0,0.075,300,True,0,RAW,,0.13333333333333333
100.0,0.075,300,True,0,KF_matched,100.0,0.19333333333333333
100.0,0.075,300,True,0,KF_mismatch,0.01,0.16666666666666666
100.0,0.075,300,True,0,KF_mismatch,1.0,0.16333333333333333
100.0,0.075,300,True,0,KF_mismatch,10.0,0.18
1000.0,0.075,300,True,0,RAW,,0.14
1000.0,0.075,300,True,0,KF_matched,1000.0,0.14333333333333334
1000.0,0.075,300,True,0,KF_mismatch,0.01,0.13666666666666666
1000.0,0.075,300,True,0,KF_mismatch,1.0,0.17666666666666667
1000.0,0.075,300,True,0,KF_mismatch,10.0,0.14333333333333334
10000.0,0.075,300,True,0,RAW,,0.14
10000.0,0.075,300,True,0,KF_matched,10000.0,0.15666666666666668
10000.0,0.075,300,True,0,KF_mismatch,0.01,0.17333333333333334
10000.0,0.075,300,True,0,KF_mismatch,1.0,0.15333333333333332
10000.0,0.075,300,True,0,KF_mismatch,10.0,0.19
