config_label,kind,scenario,imq_soft_threshold,tmd_threshold,mean_return,std_return,mean_state_estimation_error,mean_episode_length,success_rate,mean_wolf_weight,wolf_strong_discount_rate,num_runs
wolf_imq_tau_0p35,imq,no_attack,0.35,2.8,461.5,94.30535509715236,0.06314529916854088,461.5,0.8333333333333334,0.7575750851186561,0.0,6
wolf_imq_tau_0p35,imq,pgd_estimated,0.35,2.8,322.0,223.54328439924112,0.11257950352094093,322.0,0.3333333333333333,0.7101616333900719,0.0,6
wolf_imq_tau_0p35,imq,random_contour,0.35,2.8,485.6666666666667,35.109352979892215,0.07811839171716675,485.6666666666667,0.8333333333333334,0.732738318668506,0.0,6
wolf_imq_tau_0p4,imq,no_attack,0.4,2.8,500.0,0.0,0.06311104257013665,500.0,1.0,0.7947572126053009,0.0,6
wolf_imq_tau_0p4,imq,pgd_estimated,0.4,2.8,244.66666666666666,157.47211393344114,0.12206199175479887,244.66666666666666,0.16666666666666666,0.7488193984342181,0.0,6
wolf_imq_tau_0p4,imq,random_contour,0.4,2.8,482.8333333333333,35.216000151446316,0.07773889836175328,482.8333333333333,0.6666666666666666,0.7718713893239156,0.0,6
wolf_imq_tau_0p45,imq,no_attack,0.45,2.8,500.0,0.0,0.06281545607176249,500.0,1.0,0.8241158496329563,0.0,6
wolf_imq_tau_0p45,imq,pgd_estimated,0.45,2.8,277.3333333333333,210.0492005856406,0.11831720795529665,277.3333333333333,0.3333333333333333,0.7862233354784375,0.0,6
wolf_imq_tau_0p45,imq,random_contour,0.45,2.8,444.3333333333333,93.0777452813865,0.07711587354255427,444.3333333333333,0.5,0.8028183887078012,0.0,6
wolf_imq_tau_0p5,imq,no_attack,0.5,2.8,450.1666666666667,122.06623884869504,0.06359758442157892,450.1666666666667,0.8333333333333334,0.8476342925306387,0.0,6
wolf_imq_tau_0p5,imq,pgd_estimated,0.5,2.8,243.66666666666666,189.715225184134,0.13366801639222872,243.66666666666666,0.16666666666666666,0.8007672110095603,0.0,6
wolf_imq_tau_0p5,imq,random_contour,0.5,2.8,458.8333333333333,61.45052210247417,0.07866227809088165,458.8333333333333,0.5,0.8283186314663268,0.0,6
wolf_imq_tau_0p6,imq,no_attack,0.6,2.8,450.1666666666667,122.06623884869504,0.063467294132097,450.1666666666667,0.8333333333333334,0.8835091021966447,0.0,6
wolf_imq_tau_0p6,imq,pgd_estimated,0.6,2.8,125.83333333333333,76.19820645308305,0.13378423511457363,125.83333333333333,0.0,0.8486499740259199,0.0,6
wolf_imq_tau_0p6,imq,random_contour,0.6,2.8,397.8333333333333,122.42290090774138,0.07751971568484732,397.8333333333333,0.3333333333333333,0.8675735229755288,0.0,6
wolf_tmd_tau_2p6,tmd,no_attack,0.45,2.6,304.5,169.35731457483612,0.07621961060785747,304.5,0.3333333333333333,0.8408817733990146,0.1592775041050903,6
wolf_tmd_tau_2p6,tmd,pgd_estimated,0.45,2.6,375.5,147.0289087220605,0.07759347348268848,375.5,0.3333333333333333,0.6723209054593875,0.3280071016422548,6
wolf_tmd_tau_2p6,tmd,random_contour,0.45,2.6,416.5,130.00576910275944,0.08853727634957075,416.5,0.6666666666666666,0.7609435774309724,0.2392957182873149,6
wolf_tmd_tau_2p7,tmd,no_attack,0.45,2.7,442.3333333333333,75.39407580617105,0.07149600919331028,442.3333333333333,0.5,0.8705139412207988,0.12961567445365485,6
wolf_tmd_tau_2p7,tmd,pgd_estimated,0.45,2.7,397.5,160.37175561800152,0.07689888705429192,397.5,0.6666666666666666,0.6971584905660377,0.3031446540880503,6
wolf_tmd_tau_2p7,tmd,random_contour,0.45,2.7,380.0,181.16070214039246,0.08783603765937935,380.0,0.5,0.8032671052631579,0.1969298245614035,6
wolf_tmd_tau_2p8,tmd,no_attack,0.45,2.8,477.5,55.113519212621505,0.06970265758917076,477.5,0.8333333333333334,0.8901623036649214,0.1099476439790576,6
wolf_tmd_tau_2p8,tmd,pgd_estimated,0.45,2.8,500.0,0.0,0.07758533202115306,500.0,1.0,0.717616,0.2826666666666667,6
wolf_tmd_tau_2p8,tmd,random_contour,0.45,2.8,385.1666666666667,144.5758163271668,0.08564764221702119,385.1666666666667,0.3333333333333333,0.8361657291215924,0.16399826914755516,6
wolf_tmd_tau_2p9,tmd,no_attack,0.45,2.9,500.0,0.0,0.06836269779739627,500.0,1.0,0.9124209999999999,0.08766666666666667,6
wolf_tmd_tau_2p9,tmd,pgd_estimated,0.45,2.9,461.5,57.80570906061096,0.07798035755491435,461.5,0.5,0.7304972914409534,0.26977248104008666,6
wolf_tmd_tau_2p9,tmd,random_contour,0.45,2.9,435.5,91.64005674376244,0.08734855705434097,435.5,0.3333333333333333,0.8749816303099887,0.1251435132032147,6
wolf_tmd_tau_3p0,tmd,no_attack,0.45,3.0,417.8333333333333,141.16715859811964,0.06705488193029067,417.8333333333333,0.6666666666666666,0.9254834463502194,0.0745911447945752,6
wolf_tmd_tau_3p0,tmd,pgd_estimated,0.45,3.0,435.5,117.08757406317717,0.07437461584265405,435.5,0.6666666666666666,0.7446107921928817,0.25564485265977804,6
wolf_tmd_tau_3p0,tmd,random_contour,0.45,3.0,348.6666666666667,161.207526706003,0.09197809814037378,348.6666666666667,0.3333333333333333,0.9135664435946463,0.08652007648183556,6
