config_label,attacked_mean_return,attacked_mean_state_estimation_error,attacked_std_return,noisy_mean_return,noisy_mean_state_estimation_error
wolf_tmd_tau_2p9,448.5,0.08266445730462765,74.7228829021867,500.0,0.06836269779739627
wolf_tmd_tau_2p8,442.58333333333337,0.08161648711908712,72.2879081635834,477.5,0.06970265758917076
wolf_imq_tau_0p35,403.83333333333337,0.09534894761905384,129.32631868956668,461.5,0.06314529916854088
wolf_tmd_tau_2p6,396.0,0.08306537491612961,138.51733891240997,304.5,0.07621961060785747
wolf_tmd_tau_3p0,392.08333333333337,0.0831763569915139,139.1475503845901,417.8333333333333,0.06705488193029067
wolf_tmd_tau_2p7,388.75,0.08236746235683563,170.766228879197,442.3333333333333,0.07149600919331028
wolf_imq_tau_0p4,363.75,0.09990044505827608,96.34405704244372,500.0,0.06311104257013665
wolf_imq_tau_0p45,360.8333333333333,0.09771654074892547,151.56347293351354,500.0,0.06281545607176249
wolf_imq_tau_0p5,351.25,0.10616514724155518,125.58287364330408,450.1666666666667,0.06359758442157892
wolf_imq_tau_0p6,261.8333333333333,0.10565197539971047,99.31055368041221,450.1666666666667,0.063467294132097
